insert into DELICACY (DELICACY_NAME, DELICACY_STORY, DELICACY_HIGHLIGHT) 
values ('Chiffon Cake', 'No Story Yet', 'No Highlight Yet');

insert into DELICACYMATERIAL (MATERIAL_ID, MATERIAL_NAME, MATERIAL_DESCRIPTION, MATERIAL_TYPE, MATERIAL_MULTIMEDIA) 
values (1, 'baking powder', 'baking powder is good', 'BAKING', '')
insert into DELICACYMATERIAL (MATERIAL_ID, MATERIAL_NAME, MATERIAL_DESCRIPTION, MATERIAL_TYPE, MATERIAL_MULTIMEDIA) 
values (2, 'salt', 'salt is good', 'FLAVOURING', '')
insert into DELICACYMATERIAL (MATERIAL_ID, MATERIAL_NAME, MATERIAL_DESCRIPTION, MATERIAL_TYPE, MATERIAL_MULTIMEDIA) 
values (3, 'Granulated Sugar', 'suger is good', 'FLAVOURING', '')
insert into DELICACYMATERIAL (MATERIAL_ID, MATERIAL_NAME, MATERIAL_DESCRIPTION, MATERIAL_TYPE, MATERIAL_MULTIMEDIA) 
values (4, 'cake flour', 'cake flour is good', 'BAKING', '')
insert into DELICACYMATERIAL (MATERIAL_ID, MATERIAL_NAME, MATERIAL_DESCRIPTION, MATERIAL_TYPE, MATERIAL_MULTIMEDIA) 
values (5, 'orange juice', 'orange juice is good', 'JUICE', '')
insert into DELICACYMATERIAL (MATERIAL_ID, MATERIAL_NAME, MATERIAL_DESCRIPTION, MATERIAL_TYPE, MATERIAL_MULTIMEDIA) 
values (6, 'egg', 'egg is good', 'MATERIAL', '')
insert into DELICACYMATERIAL (MATERIAL_ID, MATERIAL_NAME, MATERIAL_DESCRIPTION, MATERIAL_TYPE, MATERIAL_MULTIMEDIA) 
values (7, 'Canola Oil', 'Canola Oil is good', 'FLAVOURING', '')

insert into INGREDIENT (INGREDIENT_ID, INGREDIENT_NAME, MATERIAL_ID, INGREDIENT_UNIT, INGREDIENT_MULTIMEDIA, INGREDIENT_VOLUME, DELICACY_ID)
values (1, 'baking powder', 1, 'teaspoons', '', 1.5, 1)
insert into INGREDIENT (INGREDIENT_ID, INGREDIENT_NAME, MATERIAL_ID, INGREDIENT_UNIT, INGREDIENT_MULTIMEDIA, INGREDIENT_VOLUME, DELICACY_ID)
values (2, 'salt', 2, 'teaspoons', '', 0.5, 1)
insert into INGREDIENT (INGREDIENT_ID, INGREDIENT_NAME, MATERIAL_ID, INGREDIENT_UNIT, INGREDIENT_MULTIMEDIA, INGREDIENT_VOLUME, DELICACY_ID)
values (3, 'Granulated Sugar', 3, 'ounces', '', 8, 1)
insert into INGREDIENT (INGREDIENT_ID, INGREDIENT_NAME, MATERIAL_ID, INGREDIENT_UNIT, INGREDIENT_MULTIMEDIA, INGREDIENT_VOLUME, DELICACY_ID)
values (4, 'cake flour', 4, 'ounces', '', 6, 1)
insert into INGREDIENT (INGREDIENT_ID, INGREDIENT_NAME, MATERIAL_ID, INGREDIENT_UNIT, INGREDIENT_MULTIMEDIA, INGREDIENT_VOLUME, DELICACY_ID)
values (5, 'orange juice', 5, 'cup', '', 0.5, 1)
insert into INGREDIENT (INGREDIENT_ID, INGREDIENT_NAME, MATERIAL_ID, INGREDIENT_UNIT, INGREDIENT_MULTIMEDIA, INGREDIENT_VOLUME, DELICACY_ID)
values (6, 'egg yolk', 6, 'number', '', 3, 1)
insert into INGREDIENT (INGREDIENT_ID, INGREDIENT_NAME, MATERIAL_ID, INGREDIENT_UNIT, INGREDIENT_MULTIMEDIA, INGREDIENT_VOLUME, DELICACY_ID)
values (7, 'egg white', 6, 'number', '', 3, 1)
insert into INGREDIENT (INGREDIENT_ID, INGREDIENT_NAME, MATERIAL_ID, INGREDIENT_UNIT, INGREDIENT_MULTIMEDIA, INGREDIENT_VOLUME, DELICACY_ID)
values (8, 'Canola Oil', 7, 'tablespoons', '', 5, 1)

insert into DELICACYSTEP(DELICACYSTEP_ID, DELICACYSTEP_NUM, STEP_NAME, STEP_MULTIMEDIA, STEP_DESCRIPTION, STEP_TIME, DELICACY_ID)
values (1, 1, 'Preheat oven', '' ,'Preheat oven to 350', '300', 1)
insert into DELICACYSTEP(DELICACYSTEP_ID, DELICACYSTEP_NUM, STEP_NAME, STEP_MULTIMEDIA, STEP_DESCRIPTION, STEP_TIME, DELICACY_ID)
values (2, 2, 'Combine', '' , 'Combine baking powder, salt, 7 ounces sugar, and flour in a large bowl, stirring with a whisk until mixture is well combined.', '600', 1)
insert into DELICACYSTEP(DELICACYSTEP_ID, DELICACYSTEP_NUM, STEP_NAME, STEP_MULTIMEDIA, STEP_DESCRIPTION, STEP_TIME, DELICACY_ID)
values (3, 3, 'Combine', '' , 'Combine orange rind and next 5 ingredients (through egg yolks) in a medium bowl, stirring with a whisk. Add rind mixture to flour mixture, stirring until smooth.', '600', 1)
insert into DELICACYSTEP(DELICACYSTEP_ID, DELICACYSTEP_NUM, STEP_NAME, STEP_MULTIMEDIA, STEP_DESCRIPTION, STEP_TIME, DELICACY_ID)
values (4, 4, 'Place egg whites in a large bowl', '','Place egg whites in a large bowl', '60', 1)

insert into IDUSER (GROUP_ID, USER_NAME, EMAIL, FIRST_NAME, LAST_NAME, PASSWORD) values (0, 'blacknight', 'blacknight1982@gmail.com', 'John', 'Liu', 'ljh123')
insert into IDUSER (GROUP_ID, USER_NAME, EMAIL, FIRST_NAME, LAST_NAME, PASSWORD) values (0, 'janezhang', 'janezhangye@gmail.com', 'Jane', 'Zhang', 'abc123')
insert into IDUSER (GROUP_ID, USER_NAME, EMAIL, FIRST_NAME, LAST_NAME, PASSWORD) values (0, 'usher', 'usher.fu@gmail.com', 'Usher', 'Fu', 'fu123')
insert into IDUSER (GROUP_ID, USER_NAME, EMAIL, FIRST_NAME, LAST_NAME, PASSWORD) values (0, 'henry', 'lihenry29@gmail.com', 'Henry', 'Li', 'init123')

insert into IDROLE (ROLE_ID, ROLE_NAME, ROLE_DESC) values (1, 'Admin', 'System Administrator')
insert into IDROLE (ROLE_ID, ROLE_NAME, ROLE_DESC) values (2, 'IDAdmin', 'Identity Administrator')
insert into IDROLE (ROLE_ID, ROLE_NAME, ROLE_DESC) values (3, 'ActionAdmin', 'Action Administrator')
insert into IDROLE (ROLE_ID, ROLE_NAME, ROLE_DESC) values (4, 'TripUser', 'End User for Trip Plan')
insert into IDROLE (ROLE_ID, ROLE_NAME, ROLE_DESC) values (5, 'JobAdmin', 'Job Administrator')
insert into IDROLE (ROLE_ID, ROLE_NAME, ROLE_DESC) values (6, 'SuperUser', 'End User for All Functionality')
insert into IDROLE (ROLE_ID, ROLE_NAME, ROLE_DESC) values (7, 'PlaceHolderRole1', 'Place Holder for Future Role')
insert into IDROLE (ROLE_ID, ROLE_NAME, ROLE_DESC) values (8, 'PlaceHolderRole2', 'Place Holder for Future Role')
insert into IDROLE (ROLE_ID, ROLE_NAME, ROLE_DESC) values (9, 'PlaceHolderRole3', 'Place Holder for Future Role')
insert into IDROLE (ROLE_ID, ROLE_NAME, ROLE_DESC) values (10, 'PlaceHolderRole4', 'Place Holder for Future Role')

insert into IDACTION (ACTION_ID, ACTION_NAME, ACTION_DESC) values (1, 'CreateUser', 'Create Users')
insert into IDACTION (ACTION_ID, ACTION_NAME, ACTION_DESC) values (2, 'CreateRole', 'Create Roles')
insert into IDACTION (ACTION_ID, ACTION_NAME, ACTION_DESC) values (3, 'CreateAction', 'Create Actions')
insert into IDACTION (ACTION_ID, ACTION_NAME, ACTION_DESC) values (4, 'ViewUser', 'View Users')
insert into IDACTION (ACTION_ID, ACTION_NAME, ACTION_DESC) values (5, 'ViewRole', 'View Roles')
insert into IDACTION (ACTION_ID, ACTION_NAME, ACTION_DESC) values (6, 'ViewAction', 'View Actions')
insert into IDACTION (ACTION_ID, ACTION_NAME, ACTION_DESC) values (7, 'UpdateUser', 'Update Users')
insert into IDACTION (ACTION_ID, ACTION_NAME, ACTION_DESC) values (8, 'UpdateRole', 'Update Roles')
insert into IDACTION (ACTION_ID, ACTION_NAME, ACTION_DESC) values (9, 'UpdateAction', 'Update Actions')
insert into IDACTION (ACTION_ID, ACTION_NAME, ACTION_DESC) values (10, 'SelfRegistration', 'Self Registration')
insert into IDACTION (ACTION_ID, ACTION_NAME, ACTION_DESC) values (11, 'UpdateProfile', 'Update Profile')
insert into IDACTION (ACTION_ID, ACTION_NAME, ACTION_DESC) values (12, 'CreateJobs', 'Create Background Jobs')

insert into ID_USER_ROLE(GROUP_ID, USER_NAME, ROLE_ID) values (0, 'blacknight', 1)
insert into ID_USER_ROLE(GROUP_ID, USER_NAME, ROLE_ID) values (0, 'blacknight', 2)
insert into ID_USER_ROLE(GROUP_ID, USER_NAME, ROLE_ID) values (0, 'blacknight', 3)
insert into ID_USER_ROLE(GROUP_ID, USER_NAME, ROLE_ID) values (0, 'blacknight', 4)
insert into ID_USER_ROLE(GROUP_ID, USER_NAME, ROLE_ID) values (0, 'blacknight', 5)
insert into ID_USER_ROLE(GROUP_ID, USER_NAME, ROLE_ID) values (0, 'blacknight', 6)
insert into ID_USER_ROLE(GROUP_ID, USER_NAME, ROLE_ID) values (0, 'blacknight', 7)
insert into ID_USER_ROLE(GROUP_ID, USER_NAME, ROLE_ID) values (0, 'blacknight', 8)
insert into ID_USER_ROLE(GROUP_ID, USER_NAME, ROLE_ID) values (0, 'blacknight', 9)
insert into ID_USER_ROLE(GROUP_ID, USER_NAME, ROLE_ID) values (0, 'blacknight', 10)
insert into ID_USER_ROLE(GROUP_ID, USER_NAME, ROLE_ID) values (0, 'janezhang', 2)
insert into ID_USER_ROLE(GROUP_ID, USER_NAME, ROLE_ID) values (0, 'janezhang', 3)
insert into ID_USER_ROLE(GROUP_ID, USER_NAME, ROLE_ID) values (0, 'janezhang', 4)
insert into ID_USER_ROLE(GROUP_ID, USER_NAME, ROLE_ID) values (0, 'janezhang', 8)
insert into ID_USER_ROLE(GROUP_ID, USER_NAME, ROLE_ID) values (0, 'usher', 4)
insert into ID_USER_ROLE(GROUP_ID, USER_NAME, ROLE_ID) values (0, 'usher', 6)
insert into ID_USER_ROLE(GROUP_ID, USER_NAME, ROLE_ID) values (0, 'usher', 9)
insert into ID_USER_ROLE(GROUP_ID, USER_NAME, ROLE_ID) values (0, 'usher', 10)
insert into ID_USER_ROLE(GROUP_ID, USER_NAME, ROLE_ID) values (0, 'henry', 6)
insert into ID_USER_ROLE(GROUP_ID, USER_NAME, ROLE_ID) values (0, 'henry', 7)
insert into ID_USER_ROLE(GROUP_ID, USER_NAME, ROLE_ID) values (0, 'henry', 8)
insert into ID_USER_ROLE(GROUP_ID, USER_NAME, ROLE_ID) values (0, 'henry', 9)
insert into ID_USER_ROLE(GROUP_ID, USER_NAME, ROLE_ID) values (0, 'henry', 10)

insert into ID_ROLE_ACTION (ROLE_ID, ACTION_ID) values (1,1)
insert into ID_ROLE_ACTION (ROLE_ID, ACTION_ID) values (1,2)
insert into ID_ROLE_ACTION (ROLE_ID, ACTION_ID) values (1,3)
insert into ID_ROLE_ACTION (ROLE_ID, ACTION_ID) values (1,4)
insert into ID_ROLE_ACTION (ROLE_ID, ACTION_ID) values (1,5)
insert into ID_ROLE_ACTION (ROLE_ID, ACTION_ID) values (1,6)
insert into ID_ROLE_ACTION (ROLE_ID, ACTION_ID) values (1,7)
insert into ID_ROLE_ACTION (ROLE_ID, ACTION_ID) values (1,8)
insert into ID_ROLE_ACTION (ROLE_ID, ACTION_ID) values (1,9)
insert into ID_ROLE_ACTION (ROLE_ID, ACTION_ID) values (1,12)
insert into ID_ROLE_ACTION (ROLE_ID, ACTION_ID) values (6,9)
insert into ID_ROLE_ACTION (ROLE_ID, ACTION_ID) values (6,10)
